frame,velocity_x,velocity_y,velocity_z,acceleration_x,acceleration_y,acceleration_z,jerk_x,jerk_y,jerk_z,distance,bbox_x_min,bbox_x_max,bbox_y_min,bbox_y_max
0,2.459707684465684e-05,1.3591162542070379e-06,-0.0026255371049046516,4.707908374257386e-06,-5.350557330530137e-08,-0.0038440432399511337,9.415816748514771e-05,-1.0701114661060274e-06,-0.07688086479902267,106.06122708320618,348.7866300037206,360.3713877943085,283.8948003927537,292.5684475952317
1,0.0,0.0,0.0,-0.0004919415223412216,-2.7182324629393406e-05,0.05251074209809303,-0.009932988323271275,-0.0005425763665698469,1.1270956993103027,106.06122708320618,348.78663000687936,360.37138779730304,283.89478217116095,292.56842922012277
2,2.6757741579785943e-05,-9.511131437989206e-09,-0.0010345523478463292,0.0005351548315957189,-1.902226358652115e-07,-0.020691046491265297,0.020541926845908165,0.0005398420616984367,-1.4640357494354248,106.06122708320618,348.7866453512186,360.3714031447844,283.8943918063249,292.56803865838026
3,8.027034255064791e-07,7.096910792370181e-08,-0.0012726677814498544,-0.0005191007512621582,1.6096048511826666e-06,-0.004762308672070503,-0.021085111424326897,3.599654883146286e-05,0.3185747563838959,106.06122708320618,348.7866452495939,360.37140304769156,283.89462693398,292.5682741411502
4,7.382780040643411e-07,3.447290453095775e-08,-0.0012128060916438699,-1.2885084288427606e-06,-7.299240678548813e-07,0.00119723379611969,0.010356244631111622,-4.6790577471256256e-05,0.11919084936380386,106.06122708320618,348.7866452495939,360.37140304769156,283.8942586465465,292.56790585160536
5,7.530522907472914e-07,-1.494982200256345e-07,-0.0010163983097299933,2.9548573365900666e-07,-3.6794224342884263e-06,0.003928155638277531,3.1679883250035346e-05,-5.89899682381656e-05,0.054618436843156815,106.06122708320618,348.7866452495939,360.37140304769156,283.8939352123875,292.56758241559214
6,7.490790494557586e-07,-3.061536517634522e-07,-0.0007791067473590374,-7.946482583065517e-08,-3.133108748443192e-06,0.004745831247419119,-7.4990111897932366e-06,1.0926273716904689e-05,0.016353512182831764,106.06122708320618,348.7866452495939,360.37140304769156,283.89367835730775,292.5673255590399
7,7.103208758962865e-07,-4.565692393043719e-07,-0.0005560630233958364,-7.75163471189444e-07,-3.008311750818393e-06,0.004460874479264021,-1.3913972907175776e-05,2.4959399524959736e-06,-0.005699135363101959,106.06122708320618,348.7866452495939,360.37140304769156,283.89348913255594,292.56713633320334
8,9.011872634800966e-07,-6.483518291133805e-07,-0.00036905842716805637,3.817327524302527e-06,-3.835652023553848e-06,0.003740091808140278,9.184981900034472e-05,-1.65468045452144e-05,-0.014415653422474861,106.06122708320618,348.7866452495939,360.37140304769156,283.8933598289756,292.5670070288817
9,7.363583449659927e-07,-7.182871968325344e-07,-0.00022707640891894698,-3.2965783702820772e-06,-1.3987073543830775e-06,0.002839640248566866,-0.0001422781206201762,4.8738893383415416e-05,-0.01800903119146824,106.06122708320618,348.7866452495939,360.37140304769156,283.89327748116693,292.56692468060095
10,8.41824771669053e-07,-8.794106065579399e-07,-2.5890767574310303e-05,2.1093285340612056e-06,-3.22246819450811e-06,0.004023713059723377,0.00010811813990585506,-3.647521589300595e-05,0.023681456223130226,106.06122708320618,348.7866452495939,360.37140304769156,283.89326136202146,292.56690856136305
11,-0.00013471570855472237,0.2747533619403839,-2.076149030472152e-05,-0.0027111507952213287,5.4950852394104,0.00010258554539177567,-0.05426520109176636,109.90177154541016,-0.07842255383729935,106.05532193183899,348.7863992819082,360.37180195162364,284.2028029111863,292.8769076518717
12,-0.00017423929239157587,0.6174845099449158,6.681442027911544e-05,-0.0007904716767370701,6.854622840881348,0.0017515183426439762,0.03841358423233032,27.190752029418945,0.03297865763306618,106.03024411201477,348.7824176159919,360.37057532350394,285.0317128517883,293.7078237863093
13,-0.00029630132485181093,0.8709877729415894,0.00017764090443961322,-0.002441240707412362,5.070065498352051,0.002216529566794634,-0.033015381544828415,-35.69114685058594,0.009300224483013153,105.99099850654602,348.7743541535145,360.3668265527563,285.7068292290261,294.3861327044121
14,-0.0003717872314155102,1.068119764328003,0.0002911949122790247,-0.001509718131273985,3.9426398277282715,0.00227108015678823,0.01863045245409012,-22.548513412475586,0.0010910117998719215,105.94108700752258,348.7629384479628,360.360889347509,286.0698709351461,294.75325767100526
15,-0.0004354936827439815,1.2284449338912964,0.0003974914434365928,-0.001274129026569426,3.206503391265869,0.00212593050673604,0.004711782094091177,-14.722728729248047,-0.0029029930010437965,105.8826687335968,348.7491396546377,360.35349120091536,286.1647702499777,294.8529417966765
16,-0.0007499161292798817,1.3641488552093506,0.0004261112189851701,-0.006288448814302683,2.714078426361084,0.0005723955109715462,-0.10028639435768127,-9.848499298095703,-0.03107069991528988,105.81715512275696,348.7298828862017,360.34141237037414,286.0837865349798,294.777329994282
17,-0.0006421464495360851,1.4829984903335571,0.00037470817915163934,0.0021553935948759317,2.376992702484131,-0.0010280607966706157,0.16887684166431427,-6.7417144775390625,-0.032009124755859375,105.74545407295227,348.71298430722527,360.33225429634115,285.9143899460562,294.61366017440514
18,-0.0007851861300878227,1.5900471210479736,0.0003458309220150113,-0.002860793611034751,2.14097261428833,-0.0005775451427325606,-0.10032374411821365,-4.720401763916016,0.0090103130787611,105.6681911945343,348.69532789974403,360.3229172633656,285.71185123210046,294.4172587545971
19,-0.0008153810631483793,1.68876314163208,0.00016633034101687372,-0.000603898661211133,1.974320411682129,-0.00359001150354743,0.04513789713382721,-3.3330440521240234,-0.06024932861328125,105.58584713935852,348.6753950029119,360.311948739364,285.5154127425649,294.2274816673821
20,-0.00013452087296172976,1.781350016593933,5.343437078408897e-05,0.013617203570902348,1.8517374992370605,-0.002257919404655695,0.28442203998565674,-2.451658248901367,0.0266418419778347,105.49873471260071,348.66493488611343,360.3110109533192,285.3422994700621,294.06145965296014
21,-0.00014705488865729421,1.8693909645080566,-8.611678822489921e-06,-0.000250680313911289,1.7608189582824707,-0.0012409209739416838,-0.27735766768455505,-1.8183708190917969,0.0203399695456028,105.40711331367493,348.65609700916383,360.312266791835,285.19642972242696,293.92314106081943
22,-0.000863927009049803,1.9541419744491577,-3.817558172158897e-05,-0.014337441883981228,1.6950201988220215,-0.000591278076171875,-0.28173524141311646,-1.3159751892089844,0.012992857955396175,105.31118130683899,348.63423268502,360.301079392726,285.07719620270433,293.81194176973037
23,-0.000898340018466115,2.0367939472198486,-4.827499287785031e-05,-0.0006882601883262396,1.6530394554138184,-0.0002019882231252268,0.2729836404323578,-0.8396148681640625,0.007785797119140625,105.21105313301086,348.6088258575561,360.28680819900035,284.982278964721,293.7253837040783
24,-0.0009859917918220162,2.1182174682617188,-4.651069684769027e-05,-0.0017530354671180248,1.6284704208374023,3.528592060320079e-05,-0.02129550650715828,-0.4913806915283203,0.004745482932776213,105.10682034492493,348.5830125178259,360.27259525650095,284.9088140909556,293.66061692909324
25,-0.00030346980202011764,2.199014902114868,4.1542050894349813e-05,0.01365043967962265,1.6159486770629883,0.0017610550858080387,0.30806949734687805,-0.25043487548828125,0.0345153845846653,104.99852108955383,348.5691964071757,360.2707693976061,284.8524123260116,293.61315673862975
26,-0.0012752729235216975,2.2796053886413574,0.00025020597968250513,-0.0194360613822937,1.6118097305297852,0.00417327880859375,-0.6617300510406494,-0.0827789306640625,0.048244476318359375,104.88618588447571,348.5464365426474,360.2604029252283,284.8009878253454,293.5709298672416
27,-0.0006124302162788808,2.360365629196167,0.00038399695768021047,0.013256854377686977,1.6152048110961914,0.0026758196763694286,0.6538583040237427,0.067901611328125,-0.029949182644486427,104.76981472969055,348.5326012090321,360.259288135541,284.75556308556037,293.5348608875138
28,-0.0006873647798784077,2.4415132999420166,0.0004619502869900316,-0.0014986912719905376,1.6229534149169922,0.0015590665861964226,-0.29511091113090515,0.15497207641601562,-0.02233506180346012,104.64938473701477,348.52210833831856,360.26197455606183,284.71648138278846,293.5054646176774
29,-0.001548370928503573,2.5231845378875732,0.0006599235348403454,-0.01722012273967266,1.6334247589111328,0.003959464840590954,-0.3144286274909973,0.2094268798828125,0.048007965087890625,104.52488827705383,348.4973387177088,360.25098384782285,284.6804147161688,293.4795925467445
30,-0.0015393266221508384,2.6055147647857666,0.000887966132722795,0.00018088612705469131,1.6466045379638672,0.0045608519576489925,0.34802016615867615,0.2635955810546875,0.012027742341160774,104.39628720283508,348.467205707337,360.23530896349735,284.6377882193448,293.4478071123415
31,-0.001581485033966601,2.6886308193206787,0.0010238074464723468,-0.0008431682363152504,1.6623210906982422,0.0027168262749910355,-0.020481087267398834,0.3143310546875,-0.03688051551580429,104.26355862617493,348.4364839199795,360.2195705713266,284.59318619905844,293.41444262933527
32,-0.0007507545524276793,2.772704601287842,0.0006322860717773438,0.016614610329270363,1.6814756393432617,-0.007830427959561348,0.34915557503700256,0.3830909729003906,-0.21094508469104767,104.12661862373352,348.4193102515187,360.21789186934933,284.5615095453673,293.3944430567218
33,-0.0007254218216985464,2.8576529026031494,0.00027722358936443925,0.0005066546145826578,1.6989660263061523,-0.007101249881088734,-0.3221591114997864,0.3498077392578125,0.014583561569452286,103.9854519367218,348.40636758528194,360.22096741477236,284.55198861415306,293.39694081312297
34,-0.000703338417224586,2.943532943725586,6.591796409338713e-05,0.000441668089479208,1.7176008224487305,-0.004226112738251686,-0.0012997305020689964,0.3726959228515625,0.05750274285674095,103.83998227119446,348.3922997116232,360.2234489428408,284.55313440621546,293.4104639507174
35,-0.0006970476824790239,3.0304296016693115,-4.694938616012223e-05,0.00012581469491124153,1.7379331588745117,-0.00225734687410295,-0.006317067891359329,0.406646728515625,0.039375316351652145,103.69020199775696,348.37748422357777,360.2257248676376,284.55878602653416,293.4288870558513
36,-0.0007005446241237223,3.118408203125,-9.76753217400983e-05,-6.993883289396763e-05,1.7595720291137695,-0.0010145186679437757,-0.003915070556104183,0.43277740478515625,0.0248565636575222,103.53602719306946,348.36250868748994,360.22839112185903,284.566168287931,293.4494529535391
37,-0.000707693921867758,3.20751953125,-0.00010763168393168598,-0.00014298595488071442,1.7822265625,-0.00019912724383175373,-0.0014609424397349358,0.4530906677246094,0.016307828947901726,103.37742733955383,348.34751772948766,360.2316048093095,284.57393551014064,293.470828236132
38,-0.0007166372961364686,3.2978036403656006,-9.739875531522557e-05,-0.00017886748537421227,1.8056821823120117,0.00020465857232920825,-0.000717630609869957,0.4691123962402344,0.008075715973973274,103.2143337726593,348.3317426625013,360.23460838202226,284.58171057256413,293.4926460911037
39,-0.0017350893467664719,3.3892946243286133,-7.722854206804186e-05,-0.020369039848446846,1.829819679260254,0.0004034042649436742,-0.40380343794822693,0.48274993896484375,0.003974913619458675,103.04669308662415,348.3001630452342,360.22241791841094,284.5892595056227,293.5146603576387
40,-0.0009247685084119439,3.4820241928100586,-5.9242247516522184e-05,0.016206417232751846,1.8545913696289062,0.00035972590558230877,0.7315091490745544,0.4954338073730469,-0.0008735671872273088,102.87444424629211,348.2764026469115,360.21859873354384,284.5966113005906,293.5369387250595
41,-0.0009143828647211194,3.576016664505005,-3.9825437852414325e-05,0.00020771287381649017,1.8798494338989258,0.0003883361932821572,-0.3199740946292877,0.5051612854003906,0.0005722057539969683,102.69752621650696,348.2589120799872,360.2216821942146,284.60395800590413,293.5597009583597
42,-0.0009026980842463672,3.6712985038757324,-2.594947727629915e-05,0.00023369560949504375,1.9056367874145508,0.00027751922607421875,0.0005196547135710716,0.5157470703125,-0.0022163393441587687,102.51585507392883,348.2405919825857,360.2245603229556,284.61106014649454,293.5826864301186
43,-0.0008964931475929916,3.767890214920044,-1.642227107367944e-05,0.0001240987330675125,1.9318342208862305,0.00019054411677643657,-0.002191937528550625,0.5239486694335938,-0.0017395021859556437,102.32939267158508,348.2225476781702,360.22835406982784,284.61831099238,293.6062883989071
44,-0.0008939630351960659,3.865814447402954,-8.03947386884829e-06,5.0602247938513756e-05,1.9584846496582031,0.0001676559477346018,-0.0014699297025799751,0.5330085754394531,-0.00045776338083669543,102.13805508613586,348.20356962028393,360.2318668299239,284.62531952954737,293.6301327908574
45,-0.0008937425445765257,3.965090274810791,-4.644393811759073e-06,4.409812390804291e-06,1.9855165481567383,6.790160114178434e-05,-0.0009238487109541893,0.5406379699707031,-0.0019950869027525187,101.94176602363586,348.18416536928476,360.2356215074919,284.6324612454888,293.6546088229465
46,-0.0019897762686014175,4.06574010848999,-9.632110504753655e-07,-0.021920673549175262,2.0129966735839844,7.362365431617945e-05,-0.43850165605545044,0.5496025085449219,0.00011444106348790228,101.74048733711243,348.14748740674247,360.2228213632097,284.6394736832834,293.6794699178202
47,-0.0011683166958391666,4.167783260345459,4.768371297814156e-08,0.016429191455245018,2.040863037109375,2.0217894416418858e-05,0.7669972777366638,0.5573272705078125,-0.001068115234375,101.53413510322571,348.1179241594699,360.21777658186176,284.64656576481286,293.70490436305306
48,-0.0011358787305653095,4.271233558654785,3.52859501617786e-07,0.0006487593054771423,2.0690059661865234,6.103515261202119e-06,-0.3156086504459381,0.5628585815429688,-0.00028228759765625,101.32264065742493,348.09589942497473,360.2210006525418,284.6536191561406,293.730871059329
49,-0.0011126758763566613,4.376108646392822,3.52859501617786e-07,0.0004640570841729641,2.097501754760742,0.0,-0.0036940444260835648,0.569915771484375,-0.00012207030522404239,101.10592007637024,348.07391413882954,360.2250050106796,284.66059679024295,293.75732397989213
50,-0.0010969931026920676,4.482424736022949,-2.47955313170678e-07,0.00031365547329187393,2.126321792602539,-1.201629675051663e-05,-0.0030080322176218033,0.5764007568359375,-0.000240325927734375,100.88391995429993,348.051430246522,360.22926030982774,284.66752633399324,293.78427829594585
51,-0.0010807111393660307,4.563537120819092,8.678435960973729e-07,0.0003256392665207386,1.6222476959228516,2.231597864010837e-05,0.0002396758645772934,-10.08148193359375,0.0006866455078125,100.65690732002258,348.0278664240991,360.2331602295442,284.65337834052025,293.7906925587797
52,-0.0010526813566684723,4.561524391174316,4.892349352303427e-06,0.0005605956539511681,-0.04025459289550781,8.049012103583664e-05,0.004699127748608589,-33.25004577636719,0.0011634828988462687,100.42891812324524,348.00226453926655,360.2352603446309,284.4639999991515,293.6220641799585
53,-0.0010406019864603877,4.5893096923828125,6.0081479205109645e-06,0.00024158740416169167,0.5557060241699219,2.2315971364150755e-05,-0.006380164995789528,11.919212341308594,-0.0011634830152615905,100.2007839679718,347.97600561108595,360.23684753050395,284.22374077697367,293.402662923669
54,-0.0010754361283034086,4.85090446472168,6.00814814788464e-07,-0.0006966828368604183,5.231895446777344,-0.00010814666165970266,-0.0187654048204422,93.52378845214844,-0.0026092526968568563,99.96330380439758,347.9524119742901,360.2423860376934,284.4038692465662,293.6045807849164
55,-0.0010893028229475021,5.098703861236572,0.004567584954202175,-0.00027733389288187027,4.955987930297852,0.09133968502283096,0.008386978879570961,-5.518150329589844,1.8289566040039062,99.71293759346008,347.9305229567602,360.2513687092285,284.8333988270596,294.0571935955745
56,-0.001082890317775309,5.331948757171631,0.002039089100435376,0.000128250103443861,4.664897918701172,-0.050569918006658554,0.008111679926514626,-5.821800231933594,-2.8381919860839844,99.45064663887024,347.90779128565526,360.2611520036415,285.2439518942851,294.49207305558446
57,-0.0023175706155598164,5.552183628082275,0.0005689239478670061,-0.024693606421351433,4.404697418212891,-0.02940330281853676,-0.496437132358551,-5.204010009765625,0.4233323037624359,99.17717862129211,347.86507132554726,360.2525409092622,285.5204182474666,294.79402529930144
58,-0.0014729584800079465,5.760795593261719,-0.0001884174271253869,0.016892243176698685,4.172239303588867,-0.015146827325224876,0.8317170143127441,-4.649162292480469,0.28512951731681824,98.89314389228821,347.8275475156806,360.25057982227827,285.6714845947534,294.9716910844883
59,-0.0013911883579567075,5.959054470062256,-0.0005088424659334123,0.0016354024410247803,3.965177536010742,-0.006408500485122204,-0.3051367998123169,-4.1412353515625,0.17476654052734375,98.59906125068665,347.7974580361241,360.2575464572406,285.7269542869689,295.05494555069475
60,-0.0013174607884138823,6.148141860961914,-0.0005782890366390347,0.0014745513908565044,3.781747817993164,-0.0013889314141124487,-0.0032170210033655167,-3.6685943603515625,0.10039138048887253,98.29539608955383,347.7673468365431,360.2659273419852,285.71690376098525,295.0737416206975
61,-0.0012491150991991162,6.329147815704346,-0.0005214881966821849,0.0013669137842953205,3.620119094848633,0.0011360167991369963,-0.0021527521312236786,-3.232574462890625,0.05049896240234375,97.98256802558899,347.7367804524236,360.2752624376344,285.6662137029829,295.0529391746069
62,-0.0030376422218978405,6.503067970275879,-0.0004183959972579032,-0.03577054291963577,3.478403091430664,0.0020618438720703125,-0.7427491545677185,-2.834320068359375,0.01851654052734375,97.66090512275696,347.67734773963525,360.25716789788805,285.59256068526435,295.01016394798
63,-0.0018561533652245998,6.670815467834473,-0.00030570029048249125,0.023629777133464813,3.354949951171875,0.002253914251923561,1.1880064010620117,-2.4690628051757812,0.003841407597064972,97.33074307441711,347.62418238164213,360.246637650875,285.5081107866994,294.9576120631518
64,-0.0017455114284530282,6.8332085609436035,-0.0002102279686369002,0.0022128387354314327,3.247861862182617,0.0019094464369118214,-0.42833876609802246,-2.1417617797851562,-0.006889356300234795,96.99235653877258,347.5840375753718,360.2505168229557,285.4203703460296,294.90286868598344
65,-0.0016578196082264185,6.990981101989746,-0.00013383865007199347,0.0017538364045321941,3.1554508209228516,0.0015277863712981343,-0.009180046617984772,-1.8482208251953125,-0.007633201312273741,96.64600491523743,347.5447732147969,360.25664096338306,285.3342282532041,294.85074499244564
66,-0.0015819622203707695,7.144791603088379,-7.732391532044858e-05,0.0015171477571129799,3.0762100219726562,0.0011302947532385588,-0.004733772948384285,-1.5848159790039062,-0.007949832826852798,96.29187893867493,347.5059388697828,360.26455122889433,285.2518292343362,294.8033593419222
67,-0.0015114030102267861,7.295225620269775,-4.113197064725682e-05,0.0014111842028796673,3.0086803436279297,0.0007238389225676656,-0.002119271084666252,-1.3505935668945312,-0.008129116147756577,95.93014645576477,347.4664786211825,360.2731943322925,285.1748914073695,294.7624426824079
68,-0.0027910908684134483,7.442795276641846,-1.7652511814958416e-05,-0.02559375762939453,2.9513931274414062,0.0004695891693700105,-0.5400988459587097,-1.1457443237304688,-0.0050849951803684235,95.56099057197571,347.40576647167137,360.26196361981687,285.10388339707424,294.7283866036702
69,-0.0019602268002927303,7.587875843048096,-3.681182761283708e-06,0.01661728136241436,2.901611328125,0.00027942657470703125,0.844220757484436,-0.995635986328125,-0.003803251776844263,95.18452572822571,347.3486305039227,360.25566618072685,285.03861564677266,294.70117909192305
70,-0.001865044585429132,7.730731010437012,1.926422100950731e-06,0.001903644297271967,2.8571033477783203,0.00011215210543014109,-0.2942727506160736,-0.8901596069335938,-0.003345489501953125,94.80086636543274,347.30038197103295,360.2596495527137,284.9785375023285,294.6802447631445
71,-0.0037126694805920124,7.871584892272949,6.017684881953755e-06,-0.03695249930024147,2.81707763671875,8.18252592580393e-05,-0.7771228551864624,-0.8005142211914062,-0.0006065369234420359,94.41012692451477,347.22457290847365,360.2375563452494,284.9228692668959,294.6647871530711
72,-0.004514575935900211,8.007044792175293,5.111694008519407e-06,-0.01603812910616398,2.709197998046875,-1.811981746868696e-05,0.41828739643096924,-2.1575927734375,-0.0019989016000181437,94.01245999336243,347.12625051738814,360.194402476086,284.8667885470854,294.65006786819487
73,-0.0033584991469979286,8.125994682312012,6.551742444571573e-06,0.023121535778045654,2.378997802734375,2.880096872104332e-05,0.7831932902336121,-6.60400390625,0.0009384157019667327,93.60849118232727,347.0466259435671,360.17108354100316,284.78807917720593,294.6134540560648
74,-0.0032529765740036964,8.224209785461426,5.9604644775390625e-06,0.0021104514598846436,1.9643020629882812,-1.1825559340650216e-05,-0.4202216863632202,-8.293914794921875,-0.0008125305757857859,93.19925045967102,346.984071330139,360.1660587019814,284.6657320422903,294.5341424227259
75,-0.003190812887623906,8.318587303161621,5.283355676510837e-06,0.0012432737275958061,1.8875503540039062,-1.3542176020564511e-05,-0.01734355464577675,-1.5350341796875,-3.4332333598285913e-05,92.78531765937805,346.92571649730036,360.1664984505304,284.5267370335862,294.4391781452308
76,-0.00315009499900043,8.41666316986084,6.837844921392389e-06,0.0008143577724695206,1.961517333984375,3.1089784897631034e-05,-0.008578319102525711,1.479339599609375,0.0008926392183639109,92.36653256416321,346.86872988094535,360.1695405367162,284.4098031010079,294.3672098728791
77,-0.0031172276940196753,8.518041610717773,6.389617738022935e-06,0.000657346099615097,2.027568817138672,-8.96454366738908e-06,-0.0031402334570884705,1.3210296630859375,-0.0008010865421965718,91.94271206855774,346.81247048629155,360.1745884024722,284.32514196470396,294.32846125077344
78,-0.004465548787266016,8.622207641601562,2.9754637580481358e-06,-0.02696642279624939,2.0833206176757812,-6.828307959949598e-05,-0.5524753928184509,1.1150360107421875,-0.0011863707331940532,91.51372647285461,346.73523695702835,360.16004960572974,284.26877333631234,294.31899839586373
79,-0.0037021685857325792,8.728740692138672,1.1062621751989354e-06,0.015267604030668736,2.1306610107421875,-3.7384030292741954e-05,0.8446805477142334,0.946807861328125,0.00061798095703125,91.07943081855774,346.6614727120494,360.1502791044249,284.23301010124277,294.33112846963047
80,-0.0036511861253529787,8.83726978302002,6.389617510649259e-07,0.0010196492075920105,2.170581817626953,-9.34600848268019e-06,-0.2849591076374054,0.7984161376953125,0.0005607604398392141,90.63974118232727,346.5966992784205,360.1509060936826,284.2106253655219,294.35771990579366
81,-0.003615716239437461,8.94748306274414,9.155273232863692e-07,0.0007093977183103561,2.204265594482422,5.53131121705519e-06,-0.006205029785633087,0.673675537109375,0.00029754638671875,90.19457364082336,346.53343261019046,360.15453938608977,284.19575166142886,294.3929290653414
82,-0.003582752076908946,9.059114456176758,6.866454782539222e-07,0.0006592832505702972,2.2326278686523438,-4.57763690064894e-06,-0.001002289354801178,0.5672454833984375,-0.000202178955078125,89.74384427070618,346.4711956195149,360.1607110315732,284.18452180797726,294.43292789948464
83,-0.0049383072182536125,9.171929359436035,-8.106231348392612e-07,-0.027111101895570755,2.256298065185547,-2.9945371352368966e-05,-0.555407702922821,0.4734039306640625,-0.0005073546781204641,89.28749966621399,346.38752275419415,360.14706488244934,284.17439920615953,294.47520184992607
84,-0.004188939463347197,9.285735130310059,-3.14712519866589e-06,0.014987355098128319,2.2761154174804688,-4.673004150390625e-05,0.8419691324234009,0.3963470458984375,-0.0003356934175826609,88.82548642158508,346.3059455984594,360.1370385419124,284.1635222226728,294.5178719892394
85,-0.004136023577302694,9.400354385375977,-1.163482693300466e-06,0.0010583177208900452,2.2923851013183594,3.967285010730848e-05,-0.27858075499534607,0.3253936767578125,0.001728057861328125,88.35775113105774,346.2336734804096,360.13795035441217,284.1511432813101,294.56029915170694
86,-0.004097410477697849,9.51563835144043,-7.629394360719743e-08,0.0007722619920969009,2.3056793212890625,2.174377368646674e-05,-0.0057211145758628845,0.2658843994140625,-0.00035858154296875,87.88427090644836,346.1630661651021,360.1422530621508,284.1366040392548,294.60183740732884
87,-0.004060714039951563,9.631461143493652,-2.441406195430318e-06,0.0007339287549257278,2.316455841064453,-4.730224463855848e-05,-0.0007666647434234619,0.2155303955078125,-0.00138092041015625,87.4050076007843,346.09273064708367,360.14856894101035,284.1200287120492,294.64266318745047
88,-0.004013901110738516,9.73531436920166,-2.9563904035967425e-07,0.0009362585842609406,2.0770645141601562,4.291534423828125e-05,0.004046596586704254,-4.7878265380859375,0.001804351806640625,86.92006802558899,346.0215808879812,360.1558369568624,284.0925188261093,294.6738714380136
89,-0.003922933712601662,9.735250473022461,1.182556161438697e-06,0.0018193479627370834,-0.001277923583984375,2.956390380859375e-05,0.017661787569522858,-41.56684875488281,-0.00026702880859375,86.43334317207336,345.9478707435757,360.16171058314694,283.8728576599604,294.51381627944596
90,-0.003838671138510108,9.72886848449707,5.102157501823967e-06,0.0016852514818310738,-0.1276397705078125,7.83920258982107e-05,-0.0026819296181201935,-2.5272369384765625,0.0009765624417923391,85.94698452949524,345.87108950233727,360.1653517616477,283.5468903875278,294.2480877956453
91,-0.003840420860797167,9.926594734191895,4.615783382178051e-06,-3.4994445741176605e-05,3.9545249938964844,-9.727482392918319e-06,-0.03440491855144501,81.64329528808594,-0.00176239013671875,85.45473599433899,345.79509087629816,360.17169504156846,283.5553649562067,294.3181970579291
92,-0.003827849170193076,10.126385688781738,-3.7193296975601697e-07,0.0002514338120818138,3.995819091796875,-9.975432476494461e-05,0.005728565156459808,0.8258819580078125,-0.0018005368765443563,84.9521496295929,345.7200626238684,360.1817266623333,283.8218726599487,294.64835487075305
93,-0.003786221146583557,10.316940307617188,-7.934570021461695e-06,0.0008325604721903801,3.8110923767089844,-0.0001512527378508821,0.011622533202171326,-3.6945343017578125,-0.00102996826171875,84.43985867500305,345.6445383278683,360.1939527016106,284.0939251381249,294.98608037748306
94,-0.0037147109396755695,10.499037742614746,-1.1196136256330647e-05,0.001430204138159752,3.641948699951172,-6.523132469737902e-05,0.011952873319387436,-3.38287353515625,0.0017204282339662313,83.91834378242493,345.5674727321073,360.20731688397547,284.2896500652393,295.2494970924424
95,-0.0036158363800495863,10.673454284667969,-1.1396407899155747e-05,0.0019774911925196648,3.488330841064453,-4.005432856502011e-06,0.010945741087198257,-3.072357177734375,0.001224517822265625,83.38802456855774,345.48835021984416,360.2213027101694,284.3991294152825,295.42868440686794
96,-0.0034941798076033592,10.840902328491211,-1.146316481026588e-05,0.0024331314489245415,3.3489608764648438,-1.3351382222026587e-06,0.009112805128097534,-2.7873992919921875,5.3405892685987055e-05,82.84925198554993,345.4070824521966,360.23584669740075,284.4368437348616,295.53813661947396
97,-0.0033543517347425222,11.00204849243164,-8.287429409392644e-06,0.0027965614572167397,3.2229232788085938,6.351470801746473e-05,0.007268600165843964,-2.520751953125,0.0012969969538971782,82.30233883857727,345.3226653702429,360.2499688580834,284.4225054079051,295.5975805615457
98,-0.0032001896761357784,11.157510757446289,-4.739761152450228e-06,0.0030832411721348763,3.1092453002929688,7.095336331985891e-05,0.005733594298362732,-2.2735595703125,0.00014877310604788363,81.74755215644836,345.2354523546564,360.2640558130597,284.3737105142171,295.6246354373702
99,-0.004449652973562479,11.307852745056152,-3.910064606316155e-06,-0.024989265948534012,3.0068397521972656,1.6593930922681466e-05,-0.5614501237869263,-2.0481109619140625,-0.0010871886042878032,81.18517422676086,345.124659473596,360.25736736221444,284.3033651304082,295.6320733398128
100,-0.005058648996055126,11.453593254089355,2.0027160019253643e-07,-0.012179920449852943,2.9148101806640625,8.22067231638357e-05,0.25618690252304077,-1.8405914306640625,0.001312255859375,80.61542630195618,344.99176101816835,360.23151029836924,284.2207492707532,295.6296196836799
101,-0.0042766365222632885,11.595202445983887,8.48770127959142e-07,0.015640249475836754,2.832183837890625,1.296997106692288e-05,0.556403398513794,-1.65252685546875,-0.0013847349910065532,80.03851437568665,344.867168310922,360.2167059683689,284.13232025601917,295.62334350763007
102,-0.004175606183707714,11.733101844787598,4.377364803076489e-06,0.0020206067711114883,2.7579879760742188,7.05718994140625e-05,-0.2723928689956665,-1.483917236328125,0.00115203857421875,79.45462918281555,344.75291501642397,360.2152223609342,284.0417223362242,295.61718499615074
103,-0.004105506930500269,11.86767292022705,2.3078916910890257e-06,0.001401985064148903,2.6914215087890625,-4.1389463149243966e-05,-0.012372434139251709,-1.331329345703125,-0.002239227294921875,78.86396145820618,344.6406391548367,360.218752014854,283.95113554782944,295.61333518576737
104,-0.004041408654302359,11.999259948730469,3.1375884645967744e-06,0.0012819655239582062,2.6317405700683594,1.6593934560660273e-05,-0.0024003908038139343,-1.1936187744140625,0.00115966796875,78.26665616035461,344.52876209517194,360.22575982529474,283.86173048328544,295.6129566889684
105,-0.0039689429104328156,12.128162384033203,1.163482693300466e-06,0.0014493148773908615,2.5780487060546875,-3.9482114516431466e-05,0.0033469870686531067,-1.0738372802734375,-0.00112152099609375,77.66285061836243,344.4156415103993,360.2346739171837,283.7746230596432,295.61722441535204
106,-0.0038820786867290735,12.254655838012695,1.9550323031580774e-06,0.0017372844740748405,2.5298690795898438,1.5830992197152227e-05,0.005759391933679581,-0.963592529296875,0.0011062620906159282,77.05266690254211,344.3011945367123,360.24549195928626,283.6895509059566,295.6259432259818
107,-0.0037787684705108404,12.378982543945312,1.5163420812314143e-06,0.002066204324364662,2.4865341186523438,-8.773804438533261e-06,0.0065783970057964325,-0.86669921875,-0.000492095947265625,76.43621182441711,344.1841431320448,360.2570263860397,283.606708126102,295.6393764964667
108,-0.0036597566213458776,12.50135612487793,2.670288097306184e-07,0.0023802369832992554,2.4474716186523438,-2.4986265998450108e-05,0.006280653178691864,-0.78125,-0.00032424923847429454,75.81360745429993,344.06410428588873,360.2689778358375,283.52568080348834,295.6571743993103
109,-0.004944156389683485,12.621968269348145,1.6689300537109375e-06,-0.025687996298074722,2.412242889404297,2.8038026357535273e-05,-0.5613646507263184,-0.7045745849609375,0.00106048583984375,75.1849377155304,343.92024957885667,360.26063169202064,283.44646612555226,295.6792891762907
110,-0.004195415880531073,12.740989685058594,1.716613724056515e-06,0.014974810183048248,2.3804283142089844,9.536734069115482e-07,0.8132561445236206,-0.63629150390625,-0.0005416870699264109,74.55028653144836,343.7735193065221,360.2530049723775,283.3687583881278,295.70572425783456
111,-0.004081676714122295,12.858565330505371,1.6403197378167533e-06,0.0022747833281755447,2.351512908935547,-1.5258797247952316e-06,-0.25400054454803467,-0.57830810546875,-4.9591064453125e-05,73.90972256660461,343.6333727194379,360.2556822656264,283.29200805075703,295.73591539671827
112,-0.00398671068251133,12.974831581115723,7.724761985627993e-07,0.0018993206322193146,2.3253250122070312,-1.7356871467200108e-05,-0.007509253919124603,-0.5237579345703125,-0.00031661984394304454,73.26331448554993,343.4932119128844,360.26217560934697,283.21620438750347,295.7699399488148
113,-0.003893305081874132,13.089905738830566,4.2915343101412873e-07,0.0018681120127439499,2.301483154296875,-6.8664553509734105e-06,-0.0006241723895072937,-0.476837158203125,0.00020980832050554454,72.61113095283508,343.3510152067232,360.27059543711033,283.1409625480786,295.807475730899
114,-0.00379178742878139,13.203888893127441,1.3160705520931515e-06,0.0020303530618548393,2.2796630859375,1.773834264895413e-05,0.0032448209822177887,-0.4364013671875,0.000492095947265625,71.9532253742218,343.2065961088931,360.2808760162395,283.0659294873446,295.8482703688207
115,-0.0036782221868634224,13.316874504089355,1.4972686130931834e-06,0.002271304838359356,2.2597122192382812,3.6239612200006377e-06,0.004819035530090332,-0.399017333984375,-0.00028228762676008046,71.2896511554718,343.05913437456445,360.2923426399651,282.9910520851941,295.8923834826575
116,-0.003550709690898657,13.42894172668457,1.2588500339916209e-06,0.002550249919295311,2.241344451904297,-4.76837158203125e-06,0.005578901618719101,-0.3673553466796875,-0.00016784665058366954,70.62045407295227,342.90774716376785,360.3042532186147,282.9158965743766,295.9394893298188
117,-0.004826541990041733,13.5401611328125,1.0871887070607045e-06,-0.02551664598286152,2.2243881225585938,-3.433226538618328e-06,-0.561337947845459,-0.3391265869140625,2.670290086825844e-05,69.9456799030304,342.73142574216695,360.2957697535341,282.84035865605165,295.9894702336973
118,-0.0040929135866463184,13.65060043334961,5.912780807193485e-07,0.014672568067908287,2.2087860107421875,-9.91821252682712e-06,0.8037842512130737,-0.312042236328125,-0.00012969972158316523,69.26536679267883,342.5517593928088,360.2886143737531,282.7641833243162,296.04244605170345
119,-0.003981663379818201,13.760313034057617,6.484985419774603e-07,0.0022250041365623474,2.1942520141601562,1.144409225162235e-06,-0.2489512860774994,-0.290679931640625,0.00022125244140625,68.57956051826477,342.3769034613959,360.2911279533782,282.6871831855518,296.09824324835085
120,-0.005306446924805641,13.86934757232666,-4.2915343101412873e-07,-0.026495670899748802,2.1806907653808594,-2.155303991457913e-05,-0.5744134783744812,-0.2712249755859375,-0.000453948974609375,67.88826870918274,342.1796465810401,360.2763595031426,282.6091798157821,296.15683978842173
121,-0.004644845146685839,13.977750778198242,2.193450825416221e-07,0.01323203556239605,2.1680641174316406,1.2969969247933477e-05,0.7945541143417358,-0.252532958984375,0.000690460205078125,67.19156002998352,341.9799231720391,360.2642658081912,282.52997987951505,296.2180844125184
122,-0.004604917019605637,14.08554744720459,-1.4972686130931834e-06,0.000798562541604042,2.155933380126953,-3.4332275390625e-05,-0.24866946041584015,-0.24261474609375,-0.000946044921875,66.48944973945618,341.786379290096,360.2637577281107,282.44952764313604,296.282158350894
123,-0.00456375302746892,14.13107967376709,1.182556161438697e-06,0.0008232798427343369,0.91064453125,5.3596493671648204e-05,0.000494346022605896,-24.905776977539062,0.001758575439453125,65.78334164619446,341.5909470051759,360.2666534365368,282.29021108308456,296.2713285042697
124,-0.005923453252762556,14.12299919128418,3.7384031656984007e-06,-0.027194004505872726,-0.16160964965820312,5.111694190418348e-05,-0.5603457093238831,-21.445083618164062,-4.959103534929454e-05,65.07719540596008,341.37035596177805,360.24882107013906,281.95412717162424,296.0870911808743
125,-0.006755484268069267,14.200933456420898,6.990432666498236e-06,-0.016640620306134224,1.558685302734375,6.504059274448082e-05,0.21106767654418945,34.40589904785156,0.0002784730168059468,64.36981320381165,341.12534538564853,360.2114479748164,281.68723816895897,295.9757616900211
126,-0.007681692484766245,14.361648559570312,3.643035825007246e-06,-0.018524164333939552,3.2143020629882812,-6.69479341013357e-05,-0.03767088055610657,33.112335205078125,-0.0026397705078125,63.65483212471008,340.86645628888436,360.167071750286,281.7434283342896,296.19255647752806
127,-0.007263501174747944,14.515999794006348,-1.306533818024036e-06,0.00836382620036602,3.087024688720703,-9.89913969533518e-05,0.5377597808837891,-2.5455474853515625,-0.0006408692570403218,62.93192410469055,340.61613902770716,360.13840516998795,281.886943949219,296.5018900011327
128,-0.0074689071625471115,14.662664413452148,-5.264282208372606e-06,-0.004108119755983353,2.9332923889160156,-7.915496826171875e-05,-0.24943891167640686,-3.07464599609375,0.0003967285738326609,62.20155453681946,340.3761255715676,360.12753977478457,281.9963574620868,296.782737207789
129,-0.007677552755922079,14.80237865447998,-9.7370148068876e-06,-0.0041729118674993515,2.7942848205566406,-8.94546537892893e-05,-0.0012958422303199768,-2.7801513671875,-0.0002059937105514109,61.464112520217896,340.136931367458,360.125276666205,282.0397966383527,297.0034796446494
130,-0.007854110561311245,14.935877799987793,-9.5367431640625e-06,-0.0035311561077833176,2.66998291015625,4.005432856502011e-06,0.012835115194320679,-2.4860382080078125,0.0018692017765715718,60.71991848945618,339.8953555823266,360.12865000132683,282.02056455874475,297.1675741628336
131,-0.007981049828231335,15.063831329345703,-7.867813110351562e-06,-0.0025387853384017944,2.559070587158203,3.337860107421875e-05,0.019847415387630463,-2.2182464599609375,0.00058746337890625,59.969239473342896,339.64938598172904,360.1359239846664,281.95274522488387,297.2893220460259
132,-0.008052499033510685,15.186856269836426,-5.9223175412626006e-06,-0.0014289841055870056,2.460498809814453,3.890991138177924e-05,0.022196024656295776,-1.971435546875,0.00011062620615120977,59.21233868598938,339.39769088590117,360.1460682013783,281.85057859889025,297.38319254862967
133,-0.008069608360528946,15.305506706237793,-3.938675035897177e-06,-0.0003421865403652191,2.3730087280273438,3.967285010730848e-05,0.02173595130443573,-1.7498016357421875,1.5258774510584772e-05,58.44943356513977,339.13889067301255,360.15804163889254,281.7257185051228,297.4610637190744
134,-0.008037581108510494,15.420281410217285,-1.983642505365424e-06,0.0006405450403690338,2.2954940795898438,3.910065061063506e-05,0.01965463161468506,-1.55029296875,-1.1443989933468401e-05,57.68072247505188,338.87156803086583,360.1708236767027,281.58669262152944,297.5317425984651
135,-0.007962183095514774,15.53162670135498,1.1920928955078125e-06,0.0015079602599143982,2.2269058227539062,6.351470801746473e-05,0.017348304390907288,-1.37176513671875,0.0004882811335846782,56.90638089179993,338.5953837195504,360.1844553884737,281.43905604091736,297.601071875658
136,-0.007849641144275665,15.63994026184082,1.163482693300466e-06,0.002250839024782181,2.166271209716797,-5.722040441469289e-07,0.014857575297355652,-1.2126922607421875,-0.00128173828125,56.1265652179718,338.3096145385916,360.1986371532377,281.28645708135804,297.67302557747513
137,-0.007706680800765753,15.745572090148926,3.0517576306010596e-06,0.00285920687019825,2.1126365661621094,3.776549783651717e-05,0.01216735690832138,-1.07269287109375,0.0007667540339753032,55.34141659736633,338.01351457092585,360.21307365736004,281.1308974008345,297.74997536263317
138,-0.007539309095591307,15.848834991455078,8.678435960973729e-07,0.003347434103488922,2.065258026123047,-4.367828296381049e-05,0.009764544665813446,-0.94757080078125,-0.0016288756160065532,54.55106854438782,337.7065555540999,360.22774145608224,280.97335160817795,297.83325338295833
139,-0.007352267391979694,15.949999809265137,1.23977656585339e-06,0.0037408340722322464,2.023296356201172,7.4386593951203395e-06,0.007867999374866486,-0.8392333984375,0.0010223388671875,53.755608797073364,337.3878938371921,360.2423326010868,280.8143238188156,297.9237492207788
140,-0.007148642558604479,16.0493106842041,2.841949481080519e-06,0.004072496667504311,1.9862174987792969,3.2043459214037284e-05,0.006633251905441284,-0.7415771484375,0.0004920960054732859,52.955140352249146,337.0574337843095,360.25733364991623,280.6539009772651,298.0219854989416
141,-0.00693195266649127,16.146974563598633,2.079010073430254e-06,0.004333797842264175,1.953277587890625,-1.5258788153005298e-05,0.005226023495197296,-0.6587982177734375,-0.000946044921875,52.1497700214386,336.7140558075507,360.27223104730484,280.4916322810088,298.1279632779419
142,-0.006706319283694029,16.24317741394043,1.8596648487800849e-06,0.004512667655944824,1.9240570068359375,-4.386904493003385e-06,0.003577396273612976,-0.58441162109375,0.00021743767138104886,51.33954358100891,336.3575463704917,360.2875087818808,280.32733225386187,298.2420220635513
143,-0.006473712623119354,16.338083267211914,1.6021728015402914e-06,0.004652133211493492,1.8981170654296875,-5.149840944795869e-06,0.002789311110973358,-0.518798828125,-1.5258729035849683e-05,50.524556398391724,335.98699767886893,360.30294985664756,280.16036492790136,298.364039783137
144,-0.006234976928681135,16.43183135986328,2.593994167909841e-06,0.004774713888764381,1.8749618530273438,1.9836426872643642e-05,0.0024516135454177856,-0.463104248046875,0.000499725341796875,49.70484662055969,335.6017086972375,360.3186587714718,279.9901977435083,298.4940893522474
145,-0.005990784149616957,16.52454376220703,1.926422100950731e-06,0.004883855581283569,1.854248046875,-1.3351441339182202e-05,0.0021828338503837585,-0.414276123046875,-0.0006637573824264109,48.8804829120636,335.20122587822146,360.3350262821007,279.81636936336787,298.63234274772395
146,-0.005742023233324289,16.6163272857666,2.0217894416418858e-06,0.004975218325853348,1.8356704711914062,1.9073468138230965e-06,0.0018272548913955688,-0.371551513671875,0.00030517575214616954,48.05151104927063,334.7836192321323,360.3510103656081,279.6380813158948,298.7786654122142
147,-0.00688575953245163,16.707279205322266,1.449584942747606e-06,-0.022874725982546806,1.8190383911132812,-1.1444089977885596e-05,-0.5569989085197449,-0.3326416015625,-0.0002670287503860891,47.21796917915344,334.3275582046883,360.3463080498586,279.4551890698696,298.9333771352494
148,-0.006319367326796055,16.797481536865234,1.0013579867518274e-06,0.011327844113111496,1.804046630859375,-8.964539119915571e-06,0.6840513944625854,-0.299835205078125,4.959101715940051e-05,46.37990689277649,333.84941906819023,360.3383223478701,279.2666228944001,299.0967499216797
149,-0.006134206894785166,16.88700294494629,1.4877318790240679e-06,0.003703208640217781,1.7904281616210938,9.72747784544481e-06,-0.1524927020072937,-0.272369384765625,0.00037384033203125,45.537354707717896,333.35990372827564,360.3389339085413,279.071858465978,299.2689345991834
150,-0.0060076285153627396,16.97590446472168,1.1920928955078125e-06,0.0025315675884485245,1.7780303955078125,-5.912779670325108e-06,-0.023432821035385132,-0.247955322265625,-0.00031280514667741954,44.69033169746399,332.8538448514354,360.3442033612984,278.870493197017,299.4503959266923
151,-0.0059073613956570625,17.06424331665039,8.583068620282575e-07,0.0020053423941135406,1.7667770385742188,-6.675720669591101e-06,-0.010524503886699677,-0.225067138671875,-1.525881998531986e-05,43.83889889717102,332.32845028414556,360.35273466637756,278.6612646874287,299.6408844160195
152,-0.005813592579215765,17.152067184448242,2.0599363779183477e-06,0.0018753763288259506,1.7564773559570312,2.4032589863054454e-05,-0.0025993213057518005,-0.20599365234375,0.0006141662015579641,42.983052492141724,331.7819692812855,360.36425567993064,278.44430965086553,299.8416587246621
153,-0.005713354330509901,17.23941421508789,2.2983549570199102e-06,0.002004764974117279,1.7469406127929688,4.76837158203125e-06,0.0025877729058265686,-0.19073486328125,-0.0003852843656204641,42.12282681465149,331.21151825376427,360.37749114635653,278.21840148940646,300.0527031603866
154,-0.006293061189353466,17.30634880065918,1.8692015828492003e-06,-0.0115941371768713,1.3386917114257812,-8.583067028666846e-06,-0.2719780504703522,-8.16497802734375,-0.00026702877948991954,41.258641481399536,330.6052213273733,360.38210859539385,277.9598369713319,300.2513705432013
155,-0.005881499033421278,17.28765296936035,2.8514862151496345e-06,0.00823124311864376,-0.3739166259765625,1.9645693100756034e-05,0.3965076208114624,-34.252166748046875,0.0005645751953125,40.393590211868286,329.9710160111741,360.3855855068105,277.5333729787781,300.3023823130279
156,-0.005738069303333759,17.158950805664062,7.64846754464088e-06,0.002868594601750374,-2.5740432739257812,9.593962749931961e-05,-0.10725297033786774,-44.002532958984375,0.0015258786734193563,39.533021211624146,329.31285482365433,360.38949711951267,276.8304553949972,300.0953780868576
157,-0.004949414171278477,16.96895980834961,1.012802113109501e-05,0.015773102641105652,-3.7998199462890625,4.9591071729082614e-05,0.25809016823768616,-24.515533447265625,-0.0009269710863009095,38.68106961250305,328.63826245849003,360.3998108623033,275.9341591281433,299.71205180858874
158,-0.005133542697876692,16.74457359313965,1.2550353858387098e-05,-0.003682570531964302,-4.487724304199219,4.844665454584174e-05,-0.3891134560108185,-13.758087158203125,-2.2888343664817512e-05,37.839715242385864,327.9369841683433,360.40604956980184,274.9963275727876,299.30340376213894
159,-0.005094442050904036,16.494855880737305,9.126662916969508e-06,0.000782012939453125,-4.994354248046875,-6.84738188283518e-05,0.08929166942834854,-10.132598876953125,-0.002338409423828125,37.01034665107727,327.2059378116078,360.40388218748546,274.0996833271016,298.952002972948
160,-0.005109167657792568,16.233539581298828,5.197524842515122e-06,-0.00029451213777065277,-5.226325988769531,-7.858275785110891e-05,-0.021530501544475555,-4.639434814453125,-0.00020217878045514226,36.19388699531555,326.4478380836588,360.39592737331463,273.2837049422665,298.6972465013274
161,-0.0065054260194301605,15.990379333496094,5.788802809547633e-06,-0.027925167232751846,-4.8632049560546875,1.1825559340650216e-05,-0.5526130795478821,7.262420654296875,0.0018081663874909282,35.389806032180786,325.6438316884697,360.3643341531876,272.61604891140183,298.6077412683767
162,-0.006148071959614754,15.733328819274902,5.302429144649068e-06,0.007147081196308136,-5.141010284423828,-9.7274732979713e-06,0.7014449834823608,-5.5561065673828125,-0.0004310606454964727,34.59784436225891,324.8122073322813,360.32832567379387,272.0649913375246,298.65213667965986
163,-0.0051783244125545025,15.372870445251465,2.3937225250847405e-06,0.019394950941205025,-7.20916748046875,-5.817413330078125e-05,0.24495738744735718,-41.36314392089844,-0.0009689332218840718,33.82219433784485,323.98252711841735,360.3143564257436,271.38011484349346,298.5772748150159
164,-0.00429648207500577,15.005337715148926,-7.781982276355848e-06,0.017636846750974655,-7.350654602050781,-0.00020351409330032766,-0.03516208380460739,-2.829742431640625,-0.00290679931640625,33.06486248970032,323.15918856244497,360.32458513782876,270.6361976367332,298.45697495877715
165,-0.0053530046716332436,14.634940147399902,-1.569747837493196e-05,-0.021130451932549477,-7.407951354980469,-0.00015830992197152227,-0.7753459811210632,-1.14593505859375,0.0009040834265761077,32.32597851753235,322.31022595942386,360.32648335625316,269.9382638205796,298.39562105454945
166,-0.004047676920890808,14.262701988220215,-1.6145706467796117e-05,0.02610655501484871,-7.44476318359375,-8.964561857283115e-06,0.9447401165962219,-0.736236572265625,0.002986907260492444,31.605599641799927,321.4547861455454,360.3387384405619,269.3136045355499,298.42017547703784
167,-0.005127015523612499,13.889532089233398,-1.568794141348917e-05,-0.021586772054433823,-7.463397979736328,9.155301086138934e-06,-0.9538665413856506,-0.3726959228515625,0.000362397258868441,30.903809785842896,320.57685438753145,360.3448200470487,268.7587017138655,298.52673927349883
168,-0.005513764917850494,13.547348022460938,-1.0595321327855345e-05,-0.007734987884759903,-6.843681335449219,0.00010185240535065532,0.2770356833934784,12.394332885742188,0.0018539420561864972,30.22005581855774,319.6661738772793,360.3347180331896,268.29447967914115,298.7367011343743
169,-0.00320857809856534,13.312409400939941,4.5776364459015895e-06,0.046103738248348236,-4.698772430419922,0.00030345917912200093,1.0767744779586792,42.89817810058594,0.004032135475426912,29.550023317337036,318.77306256497513,360.36355146921954,268.0766333788601,299.2087021849864
170,-0.0023585259914398193,13.127882957458496,2.3393629817292094e-05,0.017001042142510414,-3.6905288696289062,0.0003763198619708419,-0.5820538997650146,20.164871215820312,0.001457213656976819,28.88980984687805,317.89165678301157,360.43176903901104,268.071062570461,299.9139860846273
171,-0.0012831572676077485,12.973687171936035,3.34262840624433e-05,0.021507374942302704,-3.0839157104492188,0.00020065308490302414,0.0901266559958458,12.13226318359375,-0.003513335483148694,28.237839937210083,317.00082543589326,360.5218810153465,268.13914877452976,300.71700165818254
172,-0.00039734176243655384,12.848350524902344,3.575324808480218e-05,0.017716309055685997,-2.506732940673828,4.653928044717759e-05,-0.07582131773233414,11.543655395507812,-0.003082276089116931,27.592707872390747,316.0869559923343,360.6240395333547,268.2158282719665,301.5549073392051
173,0.00039647959056310356,12.749537467956543,3.058433503611013e-05,0.01587642729282379,-1.9762611389160156,-0.00010337826097384095,-0.03679763525724411,10.60943603515625,-0.0029983508866280317,26.953030824661255,315.1359972074382,360.7283803326699,268.2679195008775,302.397626566172
174,0.0009857416152954102,12.674942016601562,2.075195334327873e-05,0.011785239912569523,-1.4919090270996094,-0.00019664762658067048,-0.08182375133037567,9.687042236328125,-0.0018653873121365905,26.317588090896606,314.135154639267,360.8266106782011,268.279969897699,303.2330369986169
175,0.002533408347517252,12.622307777404785,1.2311935279285535e-05,0.030953334644436836,-1.0526847839355469,-0.00016880035400390625,0.38336190581321716,8.78448486328125,0.0005569454515352845,25.685227632522583,313.0905986251384,360.93009240332134,268.24344339919656,304.05670311525523
176,0.0019752185326069593,12.589462280273438,4.281997462385334e-06,-0.011163796298205853,-0.6569099426269531,-0.0001605987490620464,-0.8423426151275635,7.915496826171875,0.00016403209883719683,25.054911851882935,311.97033694992655,361.0114237402061,268.1546734066688,304.8678937975038
177,0.0023643875028938055,12.574355125427246,-1.0299681889591739e-06,0.007783379405736923,-0.3021430969238281,-0.00010623931302689016,0.3789435029029846,7.0953369140625,0.001087188720703125,24.425732851028442,310.7672441913708,361.069791895991,268.0107110538003,305.6686687675825
178,0.004181453958153725,12.549202919006348,-5.121230969962198e-06,0.03634132817387581,-0.5030441284179688,-8.18252592580393e-05,0.5711590051651001,-4.0180206298828125,0.00048828107537701726,23.797362565994263,309.5107835803903,361.1405876424202,267.7797548582843,306.43204113647755
179,0.005856094881892204,12.444217681884766,-1.088142380467616e-05,0.03349281847476959,-2.0997047424316406,-0.00011520386033225805,-0.05697019398212433,-31.933212280273438,-0.000667572021484375,23.172623872756958,308.21335434898344,361.2352360433682,267.3098717130407,307.0048834833193
180,0.005261372309178114,12.24692153930664,-1.354217511106981e-05,-0.011894451454281807,-3.9459228515625,-5.321502612787299e-05,-0.9077454209327698,-36.92436218261719,0.0012397767277434468,22.55621647834778,306.83989830439697,361.311730750462,266.51622092745976,307.296234686122
181,0.00547503586858511,12.00737190246582,-1.7423630197299644e-05,0.0042732711881399155,-4.790992736816406,-7.762909808661789e-05,0.32335445284843445,-16.901397705078125,-0.0004882814246229827,21.951260805130005,305.3887261077473,361.36392466483886,265.50960400063695,307.4140594556303
182,0.005639962386339903,11.74904727935791,-1.7137526810984127e-05,0.0032985303550958633,-5.166492462158203,5.7220677263103426e-06,-0.019494816660881042,-7.5099945068359375,0.0016670232871547341,21.358975648880005,303.873973759166,361.4042161818937,264.4412589006152,307.50872506952436
183,0.005740333814173937,11.511201858520508,-1.893997068691533e-05,0.0020074285566806793,-4.756908416748047,-3.604887751862407e-05,-0.02582203596830368,8.191680908203125,-0.0008354189340025187,20.778960466384888,302.29941666252785,361.4380468180437,263.45319027542274,307.7237064306904
184,0.005750942509621382,11.27582836151123,-1.6355514162569307e-05,0.00021217390894889832,-4.707469940185547,5.1689130486920476e-05,-0.03590509295463562,0.98876953125,0.0017547601601108909,20.210641145706177,300.66337136807107,361.46695786144994,262.5676873968805,308.0838854628
185,0.005589453969150782,10.893597602844238,-1.7280577594647184e-05,-0.0032297708094120026,-7.644615173339844,-1.8501268641557544e-05,-0.06883889436721802,-58.74290466308594,-0.0014038080116733909,19.658494234085083,298.97548025374186,361.49020290964586,261.50401646562244,308.3001887355799
186,0.0053370362147688866,10.503470420837402,-2.560615394031629e-05,-0.005048355087637901,-7.802543640136719,-0.0001665115269133821,-0.036371685564517975,-3.1585693359375,-0.002960205078125,19.12586522102356,297.24719717450427,361.5076677939402,260.3140416076299,308.4154874181455
187,0.004998599179089069,10.111284255981445,-3.125190778519027e-05,-0.006768740713596344,-7.843723297119141,-0.0001129150768974796,-0.034407712519168854,-0.8235931396484375,0.0010719290003180504,18.6127827167511,295.48422010758753,361.520978141963,259.1652290099188,308.59471397037726
188,0.005735816899687052,9.71822452545166,-3.1509400287177414e-05,0.014744354411959648,-7.861194610595703,-5.149850039742887e-06,0.43026190996170044,-0.34942626953125,0.0021553044207394123,18.119275331497192,293.711124996982,361.55076812194574,258.10467271459197,308.8823337430248
189,0.005822300910949707,9.325353622436523,-2.8676986403297633e-05,0.0017296802252531052,-7.857418060302734,5.6648277677595615e-05,-0.26029348373413086,0.075531005859375,0.001235962612554431,17.645354509353638,291.9307761201353,361.5960639079713,257.1348925549901,309.27802450993767
190,0.004692946560680866,8.933619499206543,-2.2249221728998236e-05,-0.022587087005376816,-7.834682464599609,0.00012855528621003032,-0.4863353371620178,0.4547119140625,0.001438140170648694,17.19097065925598,290.1208147409395,361.6304619963747,256.24169934397173,309.76434604880035
191,0.004134461283683777,8.543872833251953,-1.4266967809817288e-05,-0.011169705539941788,-7.794933319091797,0.00015964507474564016,0.22834762930870056,0.79498291015625,0.0006217957707121968,16.75607419013977,288.284077958326,361.652303737115,255.40820199708907,310.3209952166826
192,0.0036045508459210396,8.195239067077637,-7.276534688571701e-06,-0.010598208755254745,-6.972675323486328,0.00013980866060592234,0.011429935693740845,16.445159912109375,-0.00039672828279435635,16.33980107307434,286.43114544564736,361.67027244609716,254.6636822603727,310.9762609706189
193,0.004283411893993616,7.95680570602417,1.0833739906956907e-05,0.01357722096145153,-4.768667221069336,0.00036220549372956157,0.4835085868835449,44.080162048339844,0.004447936546057463,15.937352418899536,284.5720454874926,361.7098174607039,254.1704609747681,311.904088057408
194,0.0031968343537300825,7.7600998878479,2.86102294921875e-05,-0.021731551736593246,-3.9341163635253906,0.0003555297735147178,-0.7061754465103149,16.691017150878906,-0.000133514404296875,15.54525113105774,282.67130700672413,361.75097280133616,253.856953359838,313.0450582444655
195,0.0028369491919875145,7.714733600616455,4.7721860028104857e-05,-0.00719770323485136,-0.9073257446289062,0.0003822325961664319,0.2906769812107086,60.53581237792969,0.0005340564530342817,15.158894777297974,280.70077030456343,361.7887442757847,253.77783608472114,314.47147452401873
196,0.0025771535001695156,7.709936141967773,5.810737638967112e-05,-0.005195913836359978,-0.09594917297363281,0.0002077103272313252,0.04003578796982765,16.22753143310547,-0.003490445436909795,14.772691011428833,278.63409341743477,361.83150780157297,253.86974548336119,316.1454413557387
197,0.0034650047309696674,7.497071743011475,4.743575846077874e-05,0.017757024616003036,-4.257287979125977,-0.00021343235857784748,0.4590587615966797,-83.22677612304688,-0.00842285342514515,14.39118504524231,276.4988775891945,361.8958267619665,253.55122764217288,317.4749933125436
198,0.00262193800881505,7.166073322296143,1.4429092516365927e-05,-0.016861334443092346,-6.619968414306641,-0.0006601333152502775,-0.6923671960830688,-47.25360870361328,-0.0089340191334486,14.026532411575317,274.32759944543983,361.9488331690946,252.45697274911018,318.0443736527761
199,0.002342917723581195,6.863802433013916,-1.2912750207760837e-05,-0.005580405704677105,-6.045417785644531,-0.0005468368763104081,0.22561857104301453,11.491012573242188,0.002265928778797388,13.677680253982544,272.12589725499765,361.98896587842717,251.2013584171263,318.46450662246366
200,0.003161759115755558,6.592002868652344,-2.671241782081779e-05,0.016376826912164688,-5.435991287231445,-0.00027599334134720266,0.43914464116096497,12.188529968261719,0.005416870582848787,13.34298825263977,269.92081240299433,362.04390301322,250.03657794373828,318.9895709872987
201,0.003352482570335269,6.3518266677856445,-2.518653855076991e-05,0.003814469091594219,-4.803524017333984,3.0517585400957614e-05,-0.2512471675872803,12.649345397949219,0.006130218505859375,13.020814180374146,267.7078125221539,362.11353543100523,249.0295051395866,319.6901654324359
202,0.003978609573096037,6.14390754699707,-1.430511474609375e-05,0.012522540055215359,-4.158382415771484,0.0002176284760935232,0.1741614192724228,12.90283203125,0.0037422177847474813,12.709584474563599,265.47918765102656,362.1973583142054,248.17265749919937,320.56429201879865
203,0.0027099943254143,5.968328952789307,-4.405975232657511e-06,-0.025372304022312164,-3.5115718841552734,0.0001979827939067036,-0.757896900177002,12.936210632324219,-0.00039291364373639226,12.407668352127075,263.194595163518,362.26471164345446,247.43509293108184,321.587764250971
204,0.0024552589748054743,5.824602127075195,6.9236753006407525e-06,-0.005094707012176514,-2.8745365142822266,0.00022659299429506063,0.405551940202713,12.740707397460938,0.0005722040077671409,12.113527536392212,260.84496642531406,362.317376549422,246.77728424533888,322.72909522172745
205,0.0034261057153344154,5.711676597595215,1.3132094863976818e-05,0.019416935741901398,-2.2585105895996094,0.0001241683930857107,0.4902328550815582,12.320518493652344,-0.0020484919659793377,11.825603723526001,258.45235324064447,362.3901634959763,246.1636573050219,323.9627335138137
206,0.0024947484489530325,5.62800407409668,1.8634795196703635e-05,-0.018627144396305084,-1.6734504699707031,0.00011005401029251516,-0.7608816027641296,11.701202392578125,-0.0002822876558639109,11.542412042617798,255.97636234279585,362.45814480775226,245.56334233445955,325.2688705266792
207,0.002357333432883024,5.571628093719482,1.8072127204504795e-05,-0.0027483003214001656,-1.1275196075439453,-1.1253359843976796e-05,0.31757688522338867,10.918617248535156,-0.0024261474609375,11.262561082839966,253.39786845887977,362.5184763414407,244.94849209352918,326.63169406361334
208,0.002262943657115102,5.540311813354492,1.697540210443549e-05,-0.001887795515358448,-0.6263256072998047,-2.1934502001386136e-05,0.01721009612083435,10.023880004882812,-0.0002136228431481868,10.984754800796509,250.70762697964557,362.58054846801815,244.2956854406841,328.0418131990076
209,0.0034401544835418463,5.531664848327637,1.2111663636460435e-05,0.02354421652853489,-0.17293930053710938,-9.727476572152227e-05,0.5086402297019958,9.067726135253906,-0.0015068053035065532,10.707849740982056,247.9104978100633,362.66822491723264,243.5846942706623,329.4936297936306
210,0.0025617931969463825,5.531671524047852,8.230209459725302e-06,-0.0175672248005867,0.000133514404296875,-7.762908353470266e-05,-0.8222288489341736,3.461456298828125,0.00039291364373639226,10.430998086929321,244.95726656274155,362.752961057898,242.78496282709636,330.97130444998623
211,0.0025083671789616346,5.5286126136779785,4.291534423828125e-06,-0.0010685203596949577,-0.06117820739746094,-7.877350435592234e-05,0.32997408509254456,-1.2262344360351562,-2.2888416424393654e-05,10.154337167739868,241.8317112413692,362.83068948411125,241.84294952268445,332.429842830545
212,0.0025122538208961487,5.612715244293213,1.5258788721439487e-07,7.773283869028091e-05,1.6820526123046875,-8.277893357444555e-05,0.022925063967704773,34.86461639404297,-8.010858437046409e-05,9.876507997512817,238.51668770733528,362.91215817293613,240.85069379788663,333.9832644025705
213,0.0026037089992314577,5.824501037597656,-1.363754222438729e-06,0.0018291035667061806,4.235715866088867,-3.032684253412299e-05,0.03502741456031799,51.073265075683594,0.0010490418644621968,9.589038133621216,234.88995885474384,363.0055827433031,240.1170691022059,336.03486405781473
214,0.002722142031416297,6.025813579559326,-8.277892447949853e-06,0.002368660643696785,4.026250839233398,-0.00013828276132699102,0.010791141539812088,-4.189300537109375,-0.0021591184195131063,9.291314363479614,230.89079244857533,363.11148893616127,239.26348330084372,338.2477256321986
215,0.002861902117729187,6.217955589294434,-1.3236999620858114e-05,0.002795201726257801,3.8428401947021484,-9.918214345816523e-05,0.008530821651220322,-3.668212890625,0.0007820123573765159,8.98388409614563,226.48272662591475,363.2276295366466,238.107194364425,340.47253283643767
216,0.004302712623029947,6.3739237785339355,-1.660346970311366e-05,0.028816210106015205,3.119363784790039,-6.732939800713211e-05,0.5204201936721802,-14.469528198242188,0.0006370549090206623,8.667765855789185,221.64936164342419,363.38084720030156,236.56812179970996,342.66316504813494
217,0.003595051122829318,6.433867454528809,-9.94682250166079e-06,-0.014153230004012585,1.198873519897461,0.0001331329403910786,-0.8593888282775879,-38.40980529785156,0.004009246826171875,8.346832513809204,216.35573321554247,363.5360229846295,234.5112975378658,344.6856965972937
218,0.004882008768618107,6.383137226104736,-9.72747784544481e-07,0.0257391519844532,-1.0146045684814453,0.0001794815034372732,0.7978476285934448,-44.269561767578125,0.0009269712609238923,8.026591539382935,210.65968890756685,363.71111482638753,231.88613127026284,346.4619845639763
219,0.004002735950052738,6.2697434425354,9.7370148068876e-06,-0.017585456371307373,-2.2678756713867188,0.0002141952427336946,-0.8664921522140503,-25.06542205810547,0.0006942747859284282,7.71105694770813,204.5682195176045,363.88173531262464,228.8498044334173,348.124284673305
220,0.0038779997266829014,6.110583782196045,1.0013580322265625e-05,-0.002494724467396736,-3.1831932067871094,5.531310307560489e-06,0.30181464552879333,-18.306350708007812,-0.00417327880859375,7.402679681777954,198.0934299232341,364.04333386097767,225.5776021047946,349.833567242533
221,0.003724296810105443,5.9167962074279785,3.919601567758946e-06,-0.0030740583315491676,-3.875751495361328,-0.00012187957327114418,-0.01158667728304863,-13.851165771484375,-0.0025482177734375,7.103313684463501,191.23074711776377,364.2087973940066,222.1753756944185,351.6829572440123
222,0.0035407666582614183,5.696237564086914,-1.1730194273695815e-06,-0.003670603036880493,-4.411172866821289,-0.00010185241990257055,-0.01193089410662651,-10.708427429199219,0.0004005430673714727,6.814406633377075,184.0293480612552,364.3787997306532,218.70421716039286,353.71754340176466
223,0.0033365648705512285,5.465408802032471,-1.0194778042205144e-05,-0.004084035754203796,-4.616575241088867,-0.00018043516320176423,-0.008268654346466064,-4.1080474853515625,-0.0015716548077762127,6.536882638931274,176.5107945346118,364.55414548032104,215.2077510553573,355.96815307253
224,0.003122253343462944,5.23469352722168,-1.373290979245212e-05,-0.00428623054176569,-4.61430549621582,-7.07626313669607e-05,-0.004043895751237869,0.0453948974609375,0.0021934506949037313,6.270811319351196,168.68077988274027,364.73593532857944,211.72420033166165,358.47058102974063
225,0.002805083291605115,4.833423137664795,-0.00421528797596693,-0.006343401037156582,-8.025407791137695,-0.0840311050415039,-0.04114340990781784,-68.2220458984375,-1.6792068481445312,6.021538972854614,160.69622592807,364.91646544994626,207.99134569235358,360.8323487632097
226,0.002487506251782179,4.438875198364258,-0.002076816512271762,-0.006351540796458721,-7.890958786010742,0.042769428342580795,-0.00016279518604278564,2.6889801025390625,2.5360107421875,5.792156457901001,152.7255859810077,365.0930887074375,204.17806872874098,363.095939531027
227,0.002175681060180068,4.051977157592773,-0.0007503032684326172,-0.006236503832042217,-7.7379608154296875,0.02653026580810547,0.002300739288330078,3.0599594116210938,-0.3247832655906677,5.582214593887329,144.8530997958034,365.26646785684466,200.4893742249432,365.4076561430816
228,0.0018776928773149848,3.674654483795166,2.212524350397871e-06,-0.005959763657301664,-7.546453475952148,0.015050316229462624,0.005534803494811058,3.8301467895507812,-0.2295989990234375,5.391261339187622,137.1632460124328,365.435323451014,197.03021739043737,367.8107987641738
229,0.001601512893103063,3.3089025020599365,0.0003699398075696081,-0.005523599684238434,-7.31503963470459,0.007354545406997204,0.00872327946126461,4.628276824951172,-0.1539154201745987,5.218733072280884,129.73961779448288,365.5985458634136,193.83964153841404,370.28212490942553
230,0.0013686387101188302,3.008925437927246,0.0005051994230598211,-0.004657483659684658,-5.999541282653809,0.002705192193388939,0.017322320491075516,26.309967041015625,-0.092987060546875,5.062821626663208,122.61210140308769,365.75686147995987,190.9821014092861,372.8668959936874
231,0.0012040240690112114,2.812716245651245,0.0005154609680175781,-0.003292292822152376,-3.9241838455200195,0.00020523089915513992,0.027303816750645638,41.50714874267578,-0.04999922588467598,4.918339967727661,115.63921089579323,365.91559394053854,188.53923260682882,375.76230736754945
232,0.0018786319997161627,2.6548941135406494,0.00046052932157181203,0.013492158614099026,-3.156442642211914,-0.0010986329289153218,0.3356890380382538,15.35482406616211,-0.026077276095747948,4.782290697097778,108.73627246378936,366.094474533121,186.3495515559677,378.8841473755941
233,0.0010868633398786187,2.5405566692352295,0.000375452043954283,-0.015835372731089592,-2.2867488861083984,-0.0017015455523505807,-0.5865506529808044,17.393875122070312,-0.012058252468705177,4.652809381484985,101.79762500796406,366.26540019265855,184.27242113902997,382.14460667769106
234,0.0010459200711920857,2.4702157974243164,0.0002857208310160786,-0.0008188653737306595,-1.4068174362182617,-0.0017946242587640882,0.30033016204833984,17.598628997802734,-0.0018615741282701492,4.527655839920044,94.72099425907543,366.4336324825562,182.216812399158,385.5323395067179
235,0.0010098784696310759,2.4360098838806152,0.00020422934903763235,-0.0007208320312201977,-0.6841182708740234,-0.001629829639568925,0.001960666850209236,14.453983306884766,0.003295892383903265,4.404896974563599,87.39640054498594,366.60919801694433,180.08900037645768,389.04269426870104
236,0.0009946080390363932,2.4306094646453857,0.0001350116654066369,-0.00030540861189365387,-0.10800838470458984,-0.00138435373082757,0.008308468386530876,11.522197723388672,0.004909518174827099,4.282977342605591,79.7103199631406,366.79504264441323,177.80203138835077,392.674407211867
237,0.000996868242509663,2.447330951690674,8.142471051542088e-05,4.520406946539879e-05,0.3344297409057617,-0.0010717391269281507,0.007012253627181053,8.848762512207031,0.006252292077988386,4.16068434715271,71.54323604547918,366.9927928303747,175.27825103339742,396.4390833840158
238,0.0010113640455529094,2.4803693294525146,4.3268202716717497e-05,0.0002899160608649254,0.6607675552368164,-0.0007631301414221525,0.004894239827990532,6.526756286621094,0.006172179710119963,4.037063837051392,62.779285516276275,367.20589628216044,172.45204138204807,400.35939920033445
239,0.001890087267383933,2.525571823120117,1.5230178178171627e-05,0.01757446490228176,0.9040498733520508,-0.000560760498046875,0.3456909656524658,4.8656463623046875,0.00404739286750555,3.911482095718384,53.323426255676324,367.4577904219302,169.26768847128906,404.47006610926053
240,0.0011425750562921166,2.5799849033355713,-1.1253356433371664e-06,-0.014950243756175041,1.088261604309082,-0.00032711029052734375,-0.6504941582679749,3.684234619140625,0.004673004150390625,3.783398389816284,43.00771856989568,367.71964368862723,165.6793237507218,408.8250717249037
241,0.0011896424693986773,2.641481637954712,-9.403228432347532e-06,0.0009413482621312141,1.2299346923828125,-0.00016555785259697586,0.3178318440914154,2.8334617614746094,0.0032310488168150187,3.65240740776062,31.64667157855355,367.9976420380183,161.63706079967997,413.4852850746861
242,0.0012172628194093704,2.7085206508636475,-1.2407302165229339e-05,0.0005524070002138615,1.340780258178711,-6.0081474657636136e-05,-0.0077788252383470535,2.2169113159179688,0.002109527587890625,3.5182130336761475,19.125200595307636,368.3050862476917,157.08583912035414,418.525626946264
243,0.0012497093994170427,2.7799806594848633,-1.2845992387156002e-05,0.0006489316001534462,1.4292001724243164,-8.773804438533261e-06,0.0019304919987916946,1.7683982849121094,0.0010261534480378032,3.380553960800171,5.244738890872281,368.6452270610019,151.9595466363754,424.0343186597132
244,0.0012878580018877983,2.8550384044647217,-1.1787414223363157e-05,0.0007629720494151115,1.501154899597168,2.1171563275856897e-05,0.002280808985233307,1.4390945434570312,0.0005989073542878032,3.2392337322235107,-10.22711678394577,369.0253831921727,146.1781282929925,430.11072047170205
245,0.0013309074565768242,2.9330883026123047,-8.478164090774953e-06,0.0008609890937805176,1.5609979629516602,6.618500628974289e-05,0.0019603408873081207,1.1968612670898438,0.0009002688457258046,3.0940988063812256,-27.58837966831778,369.4520661321907,139.63803770255603,436.87868372013884
246,0.001377550303004682,3.013702630996704,-6.9618222369172145e-06,0.0009328569285571575,1.6122865676879883,3.0326837077154778e-05,0.0014373566955327988,1.0257720947265625,-0.0007171633769758046,2.9449970722198486,-47.20851037712494,369.9340144497216,132.2047075273191,444.4864421629123
247,0.0014261753531172872,3.0965828895568848,-6.0272213886491954e-06,0.0009725010022521019,1.6576051712036133,1.869201696536038e-05,0.0007928814738988876,0.9063720703125,-0.00023269640223588794,2.791790723800659,-69.55108403945883,370.4823109900842,123.70674317491005,453.1174282890829
248,0.001476433826610446,3.1812691688537598,-4.348754828242818e-06,0.0010051694698631763,1.6937255859375,3.3569333027116954e-05,0.000653369352221489,0.7224082946777344,0.0002975463285110891,2.634397268295288,-95.21013947212354,371.112606445296,113.92055301167954,463.00430606716276
249,0.00251360354013741,3.2607486248016357,-2.4986265998450108e-06,0.020743394270539284,1.5895891189575195,3.7002566386945546e-05,0.3947644829750061,-2.0827293395996094,6.866466719657183e-05,2.4728686809539795,-124.90068507024799,371.87449988891797,102.54554832364809,474.42633591461475
250,0.0017333622090518475,3.3152105808258057,-1.3542174883696134e-06,-0.015604826621711254,1.0892391204833984,2.2888181774760596e-05,-0.7269644141197205,-10.006999969482422,-0.00028228768496774137,2.308067560195923,-159.5027563932868,372.7409849165493,89.20784342905529,487.64644562979737
251,0.0017344590742141008,3.328258514404297,-6.67572024326546e-08,2.1937303245067596e-05,0.2609586715698242,2.5749204723979346e-05,0.31253528594970703,-16.565608978271484,5.7220458984375e-05,2.1418240070343018,-199.8252151266241,373.7323685953708,73.5064766544632,502.8973636238138
252,0.0016896493034437299,3.2669103145599365,3.0612945920438506e-06,-0.0008961954154074192,-1.226963996887207,6.256103370105848e-05,-0.018362654373049736,-29.758453369140625,0.000736236572265625,1.977060079574585,-246.4802497343394,374.8764018751103,55.07012439924064,520.314809199174
253,0.0015999021707102656,3.1152312755584717,3.3664703096292214e-06,-0.0017949426546692848,-3.033580780029297,6.1035143517074175e-06,-0.017974944785237312,-36.1323356628418,-0.001129150390625,1.81827712059021,-299.4498783478004,376.17136102193115,33.738547370241946,539.7659698615212
254,0.002333724405616522,2.8859519958496094,1.6498565855727065e-06,0.014676444232463837,-4.585585594177246,-3.4332275390625e-05,0.3294277489185333,-31.040096282958984,-0.0008087158203125,1.6695630550384521,-358.6658294019301,377.6491884360174,9.68815313274606,561.0644222981272
255,0.0014231232926249504,2.6023194789886475,-6.513595508295111e-06,-0.01821202225983143,-5.672650337219238,-0.00016326902550645173,-0.6577693223953247,-21.741294860839844,-0.0025787348859012127,1.5342142581939697,-422.9583981263021,379.23422737747336,-16.53112928487595,583.8692730598851
256,0.0012504899641498923,2.3147294521331787,-1.451492244086694e-05,-0.0034526665695011616,-5.751800537109375,-0.00016002653865143657,0.2951871156692505,-1.5830039978027344,6.484973710030317e-05,1.4132163524627686,-491.0831101449952,380.89527950952095,-44.22986351747685,608.0305959400832
257,0.0017659628065302968,2.0310444831848145,-2.3508071535616182e-05,0.01030945684760809,-5.673699378967285,-0.00017986298189498484,0.27524247765541077,1.5620231628417969,-0.0003967288648709655,1.3063933849334717,-561.7465408419878,382.6503762024133,-72.76034068122989,633.3118097056537
258,0.0009145599324256182,1.7548432350158691,-2.4814604330458678e-05,-0.01702805794775486,-5.524024963378906,-2.613065589684993e-05,-0.5467503070831299,2.993488311767578,0.0030746464617550373,1.2134263515472412,-633.3994152011642,384.41232511001346,-101.41582254675654,659.2031755436952
259,0.0007814275450073183,1.489387035369873,-2.1505355107365176e-05,-0.0026626477483659983,-5.309123992919922,6.618498446187004e-05,0.2873082160949707,4.2980194091796875,0.001846312778070569,1.1338717937469482,-704.0057075500436,386.1358800036718,-129.40265764410165,684.973094926054
260,0.0011312845163047314,1.237500548362732,-1.4925002687959932e-05,0.0069971391931176186,-5.037729740142822,0.0001316070556640625,0.19319574534893036,5.427885055541992,0.0013084413949400187,1.0670888423919678,-771.2659759862337,387.8077023030783,-155.8783960064777,709.790017598822
261,0.00046611629659309983,1.0014197826385498,-5.0449370974092744e-06,-0.013303364627063274,-4.721615314483643,0.00019760131544899195,-0.40601009130477905,6.322288513183594,0.00131988525390625,1.0123980045318604,-832.8508310976847,389.3200713116612,-179.9126736808791,732.7458679593258
262,0.0003938122827094048,0.7826685905456543,-1.0681152389224735e-06,-0.0014460802776739001,-4.37502384185791,7.953643944347277e-05,0.23714569211006165,6.931829452514648,-0.002361297607421875,0.9689147472381592,-886.599953038555,390.6326016845386,-200.71236774151876,753.0146967185382
263,0.00027295341715216637,0.578177273273468,5.884170604986139e-06,-0.002417177427560091,-4.089826583862305,0.0001390457182424143,-0.01942194253206253,5.703945159912109,0.001190185546875,0.9358222484588623,-930.8694127049204,391.58992085693006,-217.55836610214743,769.8316308679852
264,0.0001855653099482879,0.008082904852926731,-5.636215064441785e-06,-0.0017477620858699083,-11.401886940002441,-0.0002304077206645161,0.013388306833803654,-146.2412109375,-0.007389068603515625,0.9231932163238525,-950.6869136205379,391.67704745290183,-225.8631668081617,775.3810258603843
